Radius,Area
5.0,39.269908169872416
2.0,6.283185307179586
1.0,1.5707963267948966
