radius,height ,volume
12,3,452.3893421
32,4,4289.32117
12,4,603.1857895
21,4,1847.25648
32.0,2.0,2144.660584850632
2.0,32.0,134.0412865531645
