radius,height,volume
12.0,3.0,452.3893421169302
32.0,4.0,4289.321169701264
12.0,4.0,603.1857894892403
21.0,4.0,1847.2564803107982
