Order,ForceApplicated,Displacement,Work
1,123.0,23114.0,2843022.0 
2,2.0,3.0,6.0
3,5.0,1.0,5.0
4,-2.0,5.0,-10.0
5,2.31241253151E11,1.232132132133214E15,2.849197782820979E26
