Radius,Area
5.0,39.269908169872416
2.0,6.283185307179586
1.0,1.5707963267948966
12.0,226.1946710584651
9.0,127.23450247038662
10.0,157.07963267948966
