 height,radius,volume
1.0,1.0,3.141592653589793 
2.0,3.0,56.548667764616276
2.0,5.0,157.07963267948966
5.0,5.0,392.69908169872417
5.0,5.0,392.69908169872417
2.0,2.0,25.132741228718345
