 Data height  , Data radius, Result volume
4.0,5.0,314.1592653589793 
4.0,4.0,201.06192982974676
6.0,5.0,471.23889803846896
8.0,5.0,628.3185307179587
